*Entry*,General,Sample Question 1,This is a sample answer.,,,,
*Entry*,General,Sample Question 2,This is a sample answer.,,,,
*Entry*,General,Sample Question 3,This is a sample answer.,,,,
*Entry*,General,Sample Question 4,This is a sample answer.,,,,
*Entry*,General,Sample Question 5,This is a sample answer.,,,,
*Entry*,General,Sample Question 6,This is a sample answer.,,,,
*Entry*,General,Sample Question 7,This is a sample answer.,,,,
*Entry*,General,Sample Question 8,This is a sample answer.,,,,
*Entry*,General,Sample Question 9,This is a sample answer.,,,,
*Entry*,General,Sample Question 10,This is a sample answer.,,,,
*Entry*,General,Sample Question 11,This is a sample answer.,,,,
*Entry*,General,Sample Question 12,This is a sample answer.,,,,